Position	Base Call	Quality Score	A Value	C Value	G Value	T Value
1	C	5	0	0	0	0
2	A	3	0	0	0	0
3	A	2	0	0	0	0
4	T	3	0	0	0	0
5	T	3	0	0	0	0
6	T	5	0	0	0	0
7	T	7	0	0	0	0
8	T	5	0	0	0	0
9	T	9	0	0	0	0
10	G	6	0	0	0	0
11	G	6	0	0	0	0
12	T	21	0	0	0	0
13	T	6	0	0	0	0
14	T	6	0	0	0	0
15	T	7	0	0	0	0
16	A	11	0	0	0	0
17	A	10	0	0	0	0
18	C	12	0	0	0	0
19	T	20	0	0	0	0
20	T	30	0	0	0	0
21	T	14	0	0	0	0
22	A	8	0	0	0	0
23	A	7	0	0	0	0
24	G	6	0	0	0	0
25	A	21	0	0	0	0
26	A	28	0	0	0	0
27	G	43	0	0	0	0
28	G	40	0	0	0	0
29	A	26	0	0	0	0
30	G	28	0	0	0	0
31	A	29	0	0	0	0
32	T	28	0	0	0	0
33	A	29	0	0	0	0
34	T	29	0	0	0	0
35	A	45	0	0	0	0
36	C	29	0	0	0	0
37	C	29	0	0	0	0
38	A	29	0	0	0	0
39	T	41	0	0	0	0
40	G	52	0	0	0	0
41	G	58	0	0	0	0
42	G	28	0	0	0	0
43	C	46	0	0	0	0
44	A	55	0	0	0	0
45	G	58	0	0	0	0
46	C	58	0	0	0	0
47	A	58	0	0	0	0
48	G	58	0	0	0	0
49	C	58	0	0	0	0
50	C	51	0	0	0	0
51	A	41	0	0	0	0
52	T	41	0	0	0	0
53	C	51	0	0	0	0
54	A	34	0	0	0	0
55	T	58	0	0	0	0
56	C	58	0	0	0	0
57	A	51	0	0	0	0
58	T	46	0	0	0	0
59	C	31	0	0	0	0
60	A	31	0	0	0	0
61	T	51	0	0	0	0
62	C	51	0	0	0	0
63	A	51	0	0	0	0
64	T	41	0	0	0	0
65	C	29	0	0	0	0
66	A	28	0	0	0	0
67	C	41	0	0	0	0
68	A	46	0	0	0	0
69	G	58	0	0	0	0
70	C	32	0	0	0	0
71	A	51	0	0	0	0
72	G	58	0	0	0	0
73	C	46	0	0	0	0
74	G	46	0	0	0	0
75	G	46	0	0	0	0
76	C	51	0	0	0	0
77	C	51	0	0	0	0
78	T	58	0	0	0	0
79	G	58	0	0	0	0
80	G	34	0	0	0	0
81	T	58	0	0	0	0
82	G	61	0	0	0	0
83	C	61	0	0	0	0
84	C	58	0	0	0	0
85	G	58	0	0	0	0
86	C	51	0	0	0	0
87	G	51	0	0	0	0
88	C	51	0	0	0	0
89	G	51	0	0	0	0
90	G	58	0	0	0	0
91	C	51	0	0	0	0
92	A	51	0	0	0	0
93	G	31	0	0	0	0
94	C	34	0	0	0	0
95	C	58	0	0	0	0
96	A	61	0	0	0	0
97	T	58	0	0	0	0
98	A	51	0	0	0	0
99	T	51	0	0	0	0
100	G	61	0	0	0	0
101	G	58	0	0	0	0
102	C	34	0	0	0	0
103	T	58	0	0	0	0
104	A	58	0	0	0	0
105	G	58	0	0	0	0
106	C	58	0	0	0	0
107	A	34	0	0	0	0
108	T	51	0	0	0	0
109	G	51	0	0	0	0
110	A	51	0	0	0	0
111	C	58	0	0	0	0
112	T	58	0	0	0	0
113	G	58	0	0	0	0
114	G	58	0	0	0	0
115	T	61	0	0	0	0
116	G	58	0	0	0	0
117	G	58	0	0	0	0
118	A	51	0	0	0	0
119	C	51	0	0	0	0
120	A	58	0	0	0	0
121	G	34	0	0	0	0
122	C	58	0	0	0	0
123	A	58	0	0	0	0
124	A	58	0	0	0	0
125	A	51	0	0	0	0
126	T	51	0	0	0	0
127	G	58	0	0	0	0
128	G	58	0	0	0	0
129	G	58	0	0	0	0
130	T	58	0	0	0	0
131	C	58	0	0	0	0
132	G	58	0	0	0	0
133	C	58	0	0	0	0
134	G	58	0	0	0	0
135	G	41	0	0	0	0
136	A	46	0	0	0	0
137	T	58	0	0	0	0
138	C	58	0	0	0	0
139	C	58	0	0	0	0
140	A	58	0	0	0	0
141	T	51	0	0	0	0
142	G	58	0	0	0	0
143	G	58	0	0	0	0
144	T	58	0	0	0	0
145	G	51	0	0	0	0
146	A	58	0	0	0	0
147	G	61	0	0	0	0
148	C	61	0	0	0	0
149	A	58	0	0	0	0
150	A	58	0	0	0	0
151	G	51	0	0	0	0
152	G	58	0	0	0	0
153	G	58	0	0	0	0
154	C	58	0	0	0	0
155	G	51	0	0	0	0
156	A	58	0	0	0	0
157	G	58	0	0	0	0
158	G	51	0	0	0	0
159	A	51	0	0	0	0
160	G	51	0	0	0	0
161	C	51	0	0	0	0
162	T	58	0	0	0	0
163	G	51	0	0	0	0
164	T	51	0	0	0	0
165	T	51	0	0	0	0
166	C	51	0	0	0	0
167	A	58	0	0	0	0
168	C	51	0	0	0	0
169	C	58	0	0	0	0
170	G	58	0	0	0	0
171	G	58	0	0	0	0
172	G	58	0	0	0	0
173	G	51	0	0	0	0
174	T	58	0	0	0	0
175	G	51	0	0	0	0
176	G	51	0	0	0	0
177	T	58	0	0	0	0
178	G	58	0	0	0	0
179	C	58	0	0	0	0
180	C	51	0	0	0	0
181	C	51	0	0	0	0
182	A	46	0	0	0	0
183	T	58	0	0	0	0
184	C	58	0	0	0	0
185	C	58	0	0	0	0
186	T	58	0	0	0	0
187	G	58	0	0	0	0
188	G	51	0	0	0	0
189	T	51	0	0	0	0
190	C	61	0	0	0	0
191	G	58	0	0	0	0
192	A	58	0	0	0	0
193	G	58	0	0	0	0
194	C	61	0	0	0	0
195	T	61	0	0	0	0
196	G	58	0	0	0	0
197	G	51	0	0	0	0
198	A	51	0	0	0	0
199	C	51	0	0	0	0
200	G	51	0	0	0	0
201	G	51	0	0	0	0
202	C	51	0	0	0	0
203	G	51	0	0	0	0
204	A	51	0	0	0	0
205	C	58	0	0	0	0
206	G	61	0	0	0	0
207	T	58	0	0	0	0
208	A	58	0	0	0	0
209	A	58	0	0	0	0
210	A	58	0	0	0	0
211	C	58	0	0	0	0
212	G	58	0	0	0	0
213	G	58	0	0	0	0
214	C	51	0	0	0	0
215	C	58	0	0	0	0
216	A	58	0	0	0	0
217	C	58	0	0	0	0
218	A	58	0	0	0	0
219	A	51	0	0	0	0
220	G	58	0	0	0	0
221	T	58	0	0	0	0
222	T	58	0	0	0	0
223	C	58	0	0	0	0
224	A	58	0	0	0	0
225	G	58	0	0	0	0
226	C	58	0	0	0	0
227	G	58	0	0	0	0
228	T	58	0	0	0	0
229	G	58	0	0	0	0
230	T	58	0	0	0	0
231	C	58	0	0	0	0
232	C	58	0	0	0	0
233	G	58	0	0	0	0
234	G	51	0	0	0	0
235	C	51	0	0	0	0
236	G	51	0	0	0	0
237	A	51	0	0	0	0
238	G	51	0	0	0	0
239	G	58	0	0	0	0
240	G	58	0	0	0	0
241	C	58	0	0	0	0
242	G	58	0	0	0	0
243	A	58	0	0	0	0
244	G	51	0	0	0	0
245	G	58	0	0	0	0
246	G	58	0	0	0	0
247	C	58	0	0	0	0
248	G	58	0	0	0	0
249	A	58	0	0	0	0
250	T	58	0	0	0	0
251	G	58	0	0	0	0
252	C	46	0	0	0	0
253	C	41	0	0	0	0
254	A	51	0	0	0	0
255	C	58	0	0	0	0
256	C	58	0	0	0	0
257	T	58	0	0	0	0
258	A	58	0	0	0	0
259	C	51	0	0	0	0
260	G	51	0	0	0	0
261	G	51	0	0	0	0
262	C	58	0	0	0	0
263	A	58	0	0	0	0
264	A	58	0	0	0	0
265	G	51	0	0	0	0
266	C	58	0	0	0	0
267	T	58	0	0	0	0
268	G	51	0	0	0	0
269	A	51	0	0	0	0
270	C	58	0	0	0	0
271	C	58	0	0	0	0
272	C	58	0	0	0	0
273	T	41	0	0	0	0
274	G	46	0	0	0	0
275	A	41	0	0	0	0
276	A	58	0	0	0	0
277	G	58	0	0	0	0
278	T	58	0	0	0	0
279	T	58	0	0	0	0
280	C	51	0	0	0	0
281	A	51	0	0	0	0
282	T	58	0	0	0	0
283	C	58	0	0	0	0
284	T	58	0	0	0	0
285	G	51	0	0	0	0
286	C	58	0	0	0	0
287	A	58	0	0	0	0
288	C	58	0	0	0	0
289	C	58	0	0	0	0
290	A	58	0	0	0	0
291	C	58	0	0	0	0
292	C	58	0	0	0	0
293	G	58	0	0	0	0
294	G	51	0	0	0	0
295	C	51	0	0	0	0
296	A	58	0	0	0	0
297	A	58	0	0	0	0
298	G	58	0	0	0	0
299	C	58	0	0	0	0
300	T	58	0	0	0	0
301	G	58	0	0	0	0
302	C	58	0	0	0	0
303	C	58	0	0	0	0
304	C	51	0	0	0	0
305	G	51	0	0	0	0
306	T	58	0	0	0	0
307	G	58	0	0	0	0
308	C	61	0	0	0	0
309	C	61	0	0	0	0
310	C	61	0	0	0	0
311	T	61	0	0	0	0
312	G	61	0	0	0	0
313	G	61	0	0	0	0
314	C	61	0	0	0	0
315	C	58	0	0	0	0
316	C	58	0	0	0	0
317	A	58	0	0	0	0
318	C	58	0	0	0	0
319	C	61	0	0	0	0
320	C	61	0	0	0	0
321	T	61	0	0	0	0
322	C	61	0	0	0	0
323	G	61	0	0	0	0
324	T	61	0	0	0	0
325	G	58	0	0	0	0
326	A	58	0	0	0	0
327	C	61	0	0	0	0
328	C	61	0	0	0	0
329	A	61	0	0	0	0
330	C	61	0	0	0	0
331	C	61	0	0	0	0
332	C	61	0	0	0	0
333	T	61	0	0	0	0
334	G	61	0	0	0	0
335	A	61	0	0	0	0
336	C	61	0	0	0	0
337	C	61	0	0	0	0
338	T	61	0	0	0	0
339	A	61	0	0	0	0
340	C	58	0	0	0	0
341	G	58	0	0	0	0
342	G	58	0	0	0	0
343	C	58	0	0	0	0
344	G	61	0	0	0	0
345	T	61	0	0	0	0
346	G	58	0	0	0	0
347	C	58	0	0	0	0
348	A	58	0	0	0	0
349	G	58	0	0	0	0
350	T	61	0	0	0	0
351	G	61	0	0	0	0
352	C	58	0	0	0	0
353	T	58	0	0	0	0
354	T	58	0	0	0	0
355	C	61	0	0	0	0
356	A	61	0	0	0	0
357	G	61	0	0	0	0
358	C	58	0	0	0	0
359	C	58	0	0	0	0
360	G	58	0	0	0	0
361	C	58	0	0	0	0
362	T	61	0	0	0	0
363	A	61	0	0	0	0
364	C	61	0	0	0	0
365	C	61	0	0	0	0
366	C	61	0	0	0	0
367	C	58	0	0	0	0
368	G	58	0	0	0	0
369	A	61	0	0	0	0
370	C	58	0	0	0	0
371	C	58	0	0	0	0
372	A	51	0	0	0	0
373	C	58	0	0	0	0
374	A	58	0	0	0	0
375	T	61	0	0	0	0
376	G	61	0	0	0	0
377	A	61	0	0	0	0
378	A	61	0	0	0	0
379	G	61	0	0	0	0
380	C	61	0	0	0	0
381	A	61	0	0	0	0
382	G	61	0	0	0	0
383	C	61	0	0	0	0
384	A	61	0	0	0	0
385	C	61	0	0	0	0
386	G	61	0	0	0	0
387	A	58	0	0	0	0
388	C	58	0	0	0	0
389	T	58	0	0	0	0
390	T	61	0	0	0	0
391	C	58	0	0	0	0
392	T	58	0	0	0	0
393	T	58	0	0	0	0
394	C	58	0	0	0	0
395	A	58	0	0	0	0
396	A	58	0	0	0	0
397	G	61	0	0	0	0
398	T	58	0	0	0	0
399	C	51	0	0	0	0
400	C	51	0	0	0	0
401	G	58	0	0	0	0
402	C	58	0	0	0	0
403	C	61	0	0	0	0
404	A	61	0	0	0	0
405	T	61	0	0	0	0
406	G	58	0	0	0	0
407	C	58	0	0	0	0
408	C	58	0	0	0	0
409	C	51	0	0	0	0
410	G	51	0	0	0	0
411	A	58	0	0	0	0
412	A	61	0	0	0	0
413	G	61	0	0	0	0
414	G	61	0	0	0	0
415	C	61	0	0	0	0
416	T	61	0	0	0	0
417	A	61	0	0	0	0
418	C	58	0	0	0	0
419	G	58	0	0	0	0
420	T	61	0	0	0	0
421	C	61	0	0	0	0
422	C	61	0	0	0	0
423	A	58	0	0	0	0
424	G	61	0	0	0	0
425	G	61	0	0	0	0
426	A	61	0	0	0	0
427	G	61	0	0	0	0
428	C	61	0	0	0	0
429	G	61	0	0	0	0
430	C	61	0	0	0	0
431	A	61	0	0	0	0
432	C	61	0	0	0	0
433	C	58	0	0	0	0
434	A	58	0	0	0	0
435	T	61	0	0	0	0
436	C	61	0	0	0	0
437	T	61	0	0	0	0
438	T	61	0	0	0	0
439	C	61	0	0	0	0
440	T	61	0	0	0	0
441	T	61	0	0	0	0
442	C	61	0	0	0	0
443	A	61	0	0	0	0
444	A	61	0	0	0	0
445	G	61	0	0	0	0
446	G	58	0	0	0	0
447	A	58	0	0	0	0
448	C	61	0	0	0	0
449	G	61	0	0	0	0
450	A	58	0	0	0	0
451	C	58	0	0	0	0
452	G	58	0	0	0	0
453	G	58	0	0	0	0
454	C	58	0	0	0	0
455	A	61	0	0	0	0
456	A	61	0	0	0	0
457	C	61	0	0	0	0
458	T	61	0	0	0	0
459	A	61	0	0	0	0
460	C	61	0	0	0	0
461	A	58	0	0	0	0
462	A	58	0	0	0	0
463	G	61	0	0	0	0
464	A	61	0	0	0	0
465	C	61	0	0	0	0
466	C	58	0	0	0	0
467	C	58	0	0	0	0
468	G	58	0	0	0	0
469	C	61	0	0	0	0
470	G	61	0	0	0	0
471	C	58	0	0	0	0
472	C	58	0	0	0	0
473	G	58	0	0	0	0
474	A	58	0	0	0	0
475	G	58	0	0	0	0
476	G	61	0	0	0	0
477	T	61	0	0	0	0
478	G	61	0	0	0	0
479	A	61	0	0	0	0
480	A	61	0	0	0	0
481	G	61	0	0	0	0
482	T	58	0	0	0	0
483	T	58	0	0	0	0
484	C	51	0	0	0	0
485	G	32	0	0	0	0
486	A	51	0	0	0	0
487	G	58	0	0	0	0
488	G	58	0	0	0	0
489	G	58	0	0	0	0
490	C	58	0	0	0	0
491	G	58	0	0	0	0
492	A	51	0	0	0	0
493	C	51	0	0	0	0
494	A	51	0	0	0	0
495	C	58	0	0	0	0
496	C	58	0	0	0	0
497	C	61	0	0	0	0
498	T	61	0	0	0	0
499	G	61	0	0	0	0
500	G	61	0	0	0	0
501	T	61	0	0	0	0
502	G	58	0	0	0	0
503	A	58	0	0	0	0
504	A	61	0	0	0	0
505	C	61	0	0	0	0
506	C	61	0	0	0	0
507	G	61	0	0	0	0
508	C	61	0	0	0	0
509	A	61	0	0	0	0
510	T	61	0	0	0	0
511	C	61	0	0	0	0
512	G	61	0	0	0	0
513	A	61	0	0	0	0
514	G	61	0	0	0	0
515	C	61	0	0	0	0
516	T	61	0	0	0	0
517	G	61	0	0	0	0
518	A	61	0	0	0	0
519	A	61	0	0	0	0
520	G	61	0	0	0	0
521	G	61	0	0	0	0
522	G	61	0	0	0	0
523	C	61	0	0	0	0
524	A	61	0	0	0	0
525	T	61	0	0	0	0
526	C	61	0	0	0	0
527	G	61	0	0	0	0
528	A	61	0	0	0	0
529	C	61	0	0	0	0
530	T	61	0	0	0	0
531	T	58	0	0	0	0
532	C	51	0	0	0	0
533	A	58	0	0	0	0
534	A	61	0	0	0	0
535	G	61	0	0	0	0
536	G	58	0	0	0	0
537	A	46	0	0	0	0
538	G	46	0	0	0	0
539	G	58	0	0	0	0
540	A	58	0	0	0	0
541	C	61	0	0	0	0
542	G	61	0	0	0	0
543	G	61	0	0	0	0
544	C	61	0	0	0	0
545	A	61	0	0	0	0
546	A	61	0	0	0	0
547	C	61	0	0	0	0
548	A	58	0	0	0	0
549	T	61	0	0	0	0
550	C	61	0	0	0	0
551	C	61	0	0	0	0
552	T	61	0	0	0	0
553	G	61	0	0	0	0
554	G	61	0	0	0	0
555	G	61	0	0	0	0
556	G	61	0	0	0	0
557	C	61	0	0	0	0
558	A	61	0	0	0	0
559	C	61	0	0	0	0
560	A	61	0	0	0	0
561	A	61	0	0	0	0
562	G	61	0	0	0	0
563	C	61	0	0	0	0
564	T	61	0	0	0	0
565	G	61	0	0	0	0
566	G	61	0	0	0	0
567	A	61	0	0	0	0
568	G	61	0	0	0	0
569	T	61	0	0	0	0
570	A	61	0	0	0	0
571	C	61	0	0	0	0
572	A	61	0	0	0	0
573	A	61	0	0	0	0
574	C	61	0	0	0	0
575	T	61	0	0	0	0
576	A	58	0	0	0	0
577	C	58	0	0	0	0
578	A	61	0	0	0	0
579	A	61	0	0	0	0
580	C	61	0	0	0	0
581	A	58	0	0	0	0
582	G	58	0	0	0	0
583	C	58	0	0	0	0
584	C	61	0	0	0	0
585	A	61	0	0	0	0
586	C	61	0	0	0	0
587	A	58	0	0	0	0
588	A	58	0	0	0	0
589	C	58	0	0	0	0
590	G	58	0	0	0	0
591	T	58	0	0	0	0
592	C	58	0	0	0	0
593	T	61	0	0	0	0
594	A	61	0	0	0	0
595	T	61	0	0	0	0
596	A	58	0	0	0	0
597	T	58	0	0	0	0
598	C	58	0	0	0	0
599	A	61	0	0	0	0
600	T	61	0	0	0	0
601	G	58	0	0	0	0
602	G	58	0	0	0	0
603	C	51	0	0	0	0
604	C	51	0	0	0	0
605	G	51	0	0	0	0
606	A	58	0	0	0	0
607	C	61	0	0	0	0
608	A	58	0	0	0	0
609	A	41	0	0	0	0
610	G	41	0	0	0	0
611	C	41	0	0	0	0
612	A	46	0	0	0	0
613	G	51	0	0	0	0
614	A	51	0	0	0	0
615	A	58	0	0	0	0
616	G	58	0	0	0	0
617	A	58	0	0	0	0
618	A	58	0	0	0	0
619	C	58	0	0	0	0
620	G	58	0	0	0	0
621	G	58	0	0	0	0
622	C	58	0	0	0	0
623	A	61	0	0	0	0
624	T	58	0	0	0	0
625	C	58	0	0	0	0
626	A	61	0	0	0	0
627	A	61	0	0	0	0
628	G	61	0	0	0	0
629	G	61	0	0	0	0
630	T	61	0	0	0	0
631	G	61	0	0	0	0
632	A	61	0	0	0	0
633	A	61	0	0	0	0
634	C	61	0	0	0	0
635	T	61	0	0	0	0
636	T	58	0	0	0	0
637	C	58	0	0	0	0
638	A	58	0	0	0	0
639	A	58	0	0	0	0
640	G	58	0	0	0	0
641	A	58	0	0	0	0
642	T	58	0	0	0	0
643	C	61	0	0	0	0
644	C	61	0	0	0	0
645	G	61	0	0	0	0
646	C	58	0	0	0	0
647	C	61	0	0	0	0
648	A	61	0	0	0	0
649	C	61	0	0	0	0
650	A	61	0	0	0	0
651	A	58	0	0	0	0
652	C	58	0	0	0	0
653	A	58	0	0	0	0
654	T	58	0	0	0	0
655	C	51	0	0	0	0
656	G	51	0	0	0	0
657	A	58	0	0	0	0
658	G	61	0	0	0	0
659	G	61	0	0	0	0
660	A	61	0	0	0	0
661	C	61	0	0	0	0
662	G	61	0	0	0	0
663	G	61	0	0	0	0
664	C	58	0	0	0	0
665	A	58	0	0	0	0
666	G	58	0	0	0	0
667	C	58	0	0	0	0
668	G	51	0	0	0	0
669	T	51	0	0	0	0
670	G	51	0	0	0	0
671	C	51	0	0	0	0
672	A	51	0	0	0	0
673	G	58	0	0	0	0
674	C	61	0	0	0	0
675	T	61	0	0	0	0
676	C	61	0	0	0	0
677	G	61	0	0	0	0
678	C	58	0	0	0	0
679	C	58	0	0	0	0
680	G	58	0	0	0	0
681	A	61	0	0	0	0
682	C	58	0	0	0	0
683	C	51	0	0	0	0
684	A	51	0	0	0	0
685	C	58	0	0	0	0
686	T	58	0	0	0	0
687	A	58	0	0	0	0
688	C	61	0	0	0	0
689	C	61	0	0	0	0
690	A	61	0	0	0	0
691	G	61	0	0	0	0
692	C	61	0	0	0	0
693	A	61	0	0	0	0
694	G	61	0	0	0	0
695	A	61	0	0	0	0
696	A	58	0	0	0	0
697	C	58	0	0	0	0
698	A	61	0	0	0	0
699	C	61	0	0	0	0
700	C	61	0	0	0	0
701	C	61	0	0	0	0
702	C	61	0	0	0	0
703	C	58	0	0	0	0
704	A	58	0	0	0	0
705	T	58	0	0	0	0
706	C	58	0	0	0	0
707	G	46	0	0	0	0
708	G	46	0	0	0	0
709	C	51	0	0	0	0
710	G	58	0	0	0	0
711	A	58	0	0	0	0
712	C	61	0	0	0	0
713	G	58	0	0	0	0
714	G	61	0	0	0	0
715	C	61	0	0	0	0
716	C	61	0	0	0	0
717	C	58	0	0	0	0
718	C	58	0	0	0	0
719	G	46	0	0	0	0
720	T	58	0	0	0	0
721	G	58	0	0	0	0
722	C	58	0	0	0	0
723	T	58	0	0	0	0
724	G	58	0	0	0	0
725	C	58	0	0	0	0
726	T	58	0	0	0	0
727	G	58	0	0	0	0
728	C	61	0	0	0	0
729	C	61	0	0	0	0
730	C	58	0	0	0	0
731	G	58	0	0	0	0
732	A	51	0	0	0	0
733	C	51	0	0	0	0
734	A	51	0	0	0	0
735	A	58	0	0	0	0
736	C	58	0	0	0	0
737	C	51	0	0	0	0
738	A	58	0	0	0	0
739	C	61	0	0	0	0
740	T	61	0	0	0	0
741	A	61	0	0	0	0
742	C	58	0	0	0	0
743	C	58	0	0	0	0
744	T	58	0	0	0	0
745	G	58	0	0	0	0
746	A	58	0	0	0	0
747	G	58	0	0	0	0
748	C	58	0	0	0	0
749	A	61	0	0	0	0
750	C	58	0	0	0	0
751	C	51	0	0	0	0
752	C	51	0	0	0	0
753	A	51	0	0	0	0
754	G	58	0	0	0	0
755	T	58	0	0	0	0
756	C	61	0	0	0	0
757	C	61	0	0	0	0
758	G	61	0	0	0	0
759	C	58	0	0	0	0
760	C	58	0	0	0	0
761	C	61	0	0	0	0
762	T	51	0	0	0	0
763	G	36	0	0	0	0
764	A	36	0	0	0	0
765	G	51	0	0	0	0
766	C	58	0	0	0	0
767	A	61	0	0	0	0
768	A	58	0	0	0	0
769	A	46	0	0	0	0
770	G	46	0	0	0	0
771	A	58	0	0	0	0
772	C	58	0	0	0	0
773	C	58	0	0	0	0
774	C	51	0	0	0	0
775	C	58	0	0	0	0
776	A	58	0	0	0	0
777	A	61	0	0	0	0
778	C	46	0	0	0	0
779	G	46	0	0	0	0
780	A	58	0	0	0	0
781	G	58	0	0	0	0
782	A	51	0	0	0	0
783	A	58	0	0	0	0
784	G	58	0	0	0	0
785	C	58	0	0	0	0
786	G	58	0	0	0	0
787	C	58	0	0	0	0
788	G	58	0	0	0	0
789	A	58	0	0	0	0
790	T	58	0	0	0	0
791	C	58	0	0	0	0
792	A	58	0	0	0	0
793	C	61	0	0	0	0
794	A	61	0	0	0	0
795	T	61	0	0	0	0
796	G	61	0	0	0	0
797	G	61	0	0	0	0
798	T	58	0	0	0	0
799	C	58	0	0	0	0
800	C	61	0	0	0	0
801	T	61	0	0	0	0
802	G	61	0	0	0	0
803	C	61	0	0	0	0
804	T	61	0	0	0	0
805	G	58	0	0	0	0
806	G	46	0	0	0	0
807	A	46	0	0	0	0
808	G	58	0	0	0	0
809	T	58	0	0	0	0
810	T	61	0	0	0	0
811	C	58	0	0	0	0
812	G	58	0	0	0	0
813	T	46	0	0	0	0
814	G	58	0	0	0	0
815	A	58	0	0	0	0
816	C	61	0	0	0	0
817	C	58	0	0	0	0
818	G	58	0	0	0	0
819	C	58	0	0	0	0
820	C	51	0	0	0	0
821	G	51	0	0	0	0
822	C	51	0	0	0	0
823	C	61	0	0	0	0
824	G	61	0	0	0	0
825	G	58	0	0	0	0
826	G	58	0	0	0	0
827	A	58	0	0	0	0
828	T	61	0	0	0	0
829	C	61	0	0	0	0
830	A	61	0	0	0	0
831	C	58	0	0	0	0
832	T	51	0	0	0	0
833	C	51	0	0	0	0
834	T	51	0	0	0	0
835	C	58	0	0	0	0
836	G	58	0	0	0	0
837	G	61	0	0	0	0
838	C	61	0	0	0	0
839	A	61	0	0	0	0
840	T	61	0	0	0	0
841	G	58	0	0	0	0
842	G	61	0	0	0	0
843	A	58	0	0	0	0
844	C	58	0	0	0	0
845	G	61	0	0	0	0
846	A	41	0	0	0	0
847	G	41	0	0	0	0
848	C	41	0	0	0	0
849	T	58	0	0	0	0
850	G	58	0	0	0	0
851	T	58	0	0	0	0
852	A	58	0	0	0	0
853	C	58	0	0	0	0
854	A	58	0	0	0	0
855	A	58	0	0	0	0
856	G	58	0	0	0	0
857	T	61	0	0	0	0
858	A	58	0	0	0	0
859	A	58	0	0	0	0
860	C	58	0	0	0	0
861	T	58	0	0	0	0
862	C	46	0	0	0	0
863	G	46	0	0	0	0
864	A	51	0	0	0	0
865	G	51	0	0	0	0
866	C	51	0	0	0	0
867	A	51	0	0	0	0
868	C	46	0	0	0	0
869	C	46	0	0	0	0
870	A	46	0	0	0	0
871	C	61	0	0	0	0
872	C	51	0	0	0	0
873	A	58	0	0	0	0
874	C	58	0	0	0	0
875	C	58	0	0	0	0
876	A	58	0	0	0	0
877	C	58	0	0	0	0
878	C	58	0	0	0	0
879	A	58	0	0	0	0
880	C	58	0	0	0	0
881	C	58	0	0	0	0
882	A	58	0	0	0	0
883	C	58	0	0	0	0
884	T	58	0	0	0	0
885	G	51	0	0	0	0
886	A	46	0	0	0	0
887	G	28	0	0	0	0
888	A	28	0	0	0	0
889	T	51	0	0	0	0
890	C	58	0	0	0	0
891	C	58	0	0	0	0
892	G	61	0	0	0	0
893	G	61	0	0	0	0
894	C	58	0	0	0	0
895	T	58	0	0	0	0
896	G	58	0	0	0	0
897	C	58	0	0	0	0
898	T	58	0	0	0	0
899	A	58	0	0	0	0
900	A	51	0	0	0	0
901	C	51	0	0	0	0
902	A	58	0	0	0	0
903	A	41	0	0	0	0
904	A	41	0	0	0	0
905	G	58	0	0	0	0
906	C	61	0	0	0	0
907	C	58	0	0	0	0
908	C	58	0	0	0	0
909	G	58	0	0	0	0
910	A	58	0	0	0	0
911	A	58	0	0	0	0
912	A	41	0	0	0	0
913	G	58	0	0	0	0
914	G	58	0	0	0	0
915	A	61	0	0	0	0
916	A	58	0	0	0	0
917	G	58	0	0	0	0
918	C	58	0	0	0	0
919	T	51	0	0	0	0
920	G	51	0	0	0	0
921	A	51	0	0	0	0
922	G	51	0	0	0	0
923	T	58	0	0	0	0
924	T	51	0	0	0	0
925	G	61	0	0	0	0
926	G	58	0	0	0	0
927	C	58	0	0	0	0
928	T	58	0	0	0	0
929	G	61	0	0	0	0
930	C	61	0	0	0	0
931	T	58	0	0	0	0
932	G	58	0	0	0	0
933	C	58	0	0	0	0
934	C	36	0	0	0	0
935	A	26	0	0	0	0
936	C	27	0	0	0	0
937	C	26	0	0	0	0
938	G	51	0	0	0	0
939	C	36	0	0	0	0
940	T	29	0	0	0	0
941	G	28	0	0	0	0
942	A	29	0	0	0	0
943	G	46	0	0	0	0
944	C	51	0	0	0	0
945	A	58	0	0	0	0
946	A	51	0	0	0	0
947	T	51	0	0	0	0
948	A	58	0	0	0	0
949	A	51	0	0	0	0
950	C	58	0	0	0	0
951	T	58	0	0	0	0
952	A	51	0	0	0	0
953	G	51	0	0	0	0
954	C	51	0	0	0	0
955	A	51	0	0	0	0
956	T	51	0	0	0	0
957	A	58	0	0	0	0
958	A	51	0	0	0	0
959	C	61	0	0	0	0
960	C	58	0	0	0	0
961	C	58	0	0	0	0
962	C	58	0	0	0	0
963	T	46	0	0	0	0
964	T	46	0	0	0	0
965	G	58	0	0	0	0
966	G	58	0	0	0	0
967	G	58	0	0	0	0
968	G	46	0	0	0	0
969	C	58	0	0	0	0
970	C	58	0	0	0	0
971	T	58	0	0	0	0
972	C	58	0	0	0	0
973	T	58	0	0	0	0
974	A	46	0	0	0	0
975	A	46	0	0	0	0
976	A	29	0	0	0	0
977	C	46	0	0	0	0
978	G	58	0	0	0	0
979	G	58	0	0	0	0
980	G	51	0	0	0	0
981	T	58	0	0	0	0
982	C	58	0	0	0	0
983	T	58	0	0	0	0
984	T	51	0	0	0	0
985	G	58	0	0	0	0
986	A	58	0	0	0	0
987	G	61	0	0	0	0
988	G	58	0	0	0	0
989	G	58	0	0	0	0
990	G	58	0	0	0	0
991	T	61	0	0	0	0
992	T	58	0	0	0	0
993	T	60	0	0	0	0
994	T	57	0	0	0	0
995	T	52	0	0	0	0
996	T	45	0	0	0	0
997	G	52	0	0	0	0
998	C	57	0	0	0	0
999	T	57	0	0	0	0
1000	G	46	0	0	0	0
1001	A	58	0	0	0	0
1002	A	51	0	0	0	0
1003	A	46	0	0	0	0
1004	G	51	0	0	0	0
1005	G	36	0	0	0	0
1006	A	36	0	0	0	0
1007	G	51	0	0	0	0
1008	G	51	0	0	0	0
1009	A	61	0	0	0	0
1010	A	58	0	0	0	0
1011	C	58	0	0	0	0
1012	T	51	0	0	0	0
1013	A	51	0	0	0	0
1014	T	51	0	0	0	0
1015	A	58	0	0	0	0
1016	T	58	0	0	0	0
1017	C	51	0	0	0	0
1018	C	51	0	0	0	0
1019	G	51	0	0	0	0
1020	G	51	0	0	0	0
1021	A	51	0	0	0	0
1022	T	57	0	0	0	0
1023	T	50	0	0	0	0
1024	G	40	0	0	0	0
1025	G	30	0	0	0	0
1026	C	30	0	0	0	0
1027	G	50	0	0	0	0
1028	A	58	0	0	0	0
1029	A	57	0	0	0	0
1030	T	52	0	0	0	0
1031	G	52	0	0	0	0
1032	G	52	0	0	0	0
1033	G	41	0	0	0	0
1034	A	46	0	0	0	0
1035	C	31	0	0	0	0
1036	G	22	0	0	0	0
1037	C	26	0	0	0	0
1038	G	20	0	0	0	0
1039	C	51	0	0	0	0
1040	C	41	0	0	0	0
1041	C	26	0	0	0	0
1042	T	46	0	0	0	0
1043	G	36	0	0	0	0
1044	T	34	0	0	0	0
1045	A	51	0	0	0	0
1046	G	51	0	0	0	0
1047	C	51	0	0	0	0
1048	G	51	0	0	0	0
1049	G	28	0	0	0	0
1050	C	28	0	0	0	0
1051	G	28	0	0	0	0
1052	C	34	0	0	0	0
1053	A	51	0	0	0	0
1054	T	50	0	0	0	0
1055	T	50	0	0	0	0
1056	A	51	0	0	0	0
1057	A	50	0	0	0	0
1058	G	51	0	0	0	0
1059	C	41	0	0	0	0
1060	G	45	0	0	0	0
1061	C	36	0	0	0	0
1062	G	46	0	0	0	0
1063	G	34	0	0	0	0
1064	C	14	0	0	0	0
1065	G	32	0	0	0	0
1066	G	18	0	0	0	0
1067	G	16	0	0	0	0
1068	T	21	0	0	0	0
1069	G	31	0	0	0	0
1070	T	35	0	0	0	0
1071	G	40	0	0	0	0
1072	G	20	0	0	0	0
1073	G	8	0	0	0	0
1074	G	20	0	0	0	0
1075	G	15	0	0	0	0
1076	T	44	0	0	0	0
1077	T	42	0	0	0	0
1078	A	42	0	0	0	0
1079	C	34	0	0	0	0
1080	G	20	0	0	0	0
1081	C	26	0	0	0	0
1082	G	21	0	0	0	0
1083	C	26	0	0	0	0
1084	A	28	0	0	0	0
1085	G	28	0	0	0	0
1086	C	46	0	0	0	0
1087	G	47	0	0	0	0
1088	T	44	0	0	0	0
1089	G	44	0	0	0	0
1090	A	46	0	0	0	0
1091	C	45	0	0	0	0
1092	C	36	0	0	0	0
1093	G	41	0	0	0	0
1094	C	40	0	0	0	0
1095	T	43	0	0	0	0
1096	A	9	0	0	0	0
1097	A	5	0	0	0	0
1098	C	17	0	0	0	0
1099	T	40	0	0	0	0
1100	T	34	0	0	0	0
1101	G	18	0	0	0	0
1102	C	23	0	0	0	0
1103	A	44	0	0	0	0
1104	G	20	0	0	0	0
1105	C	11	0	0	0	0
1106	G	12	0	0	0	0
1107	C	43	0	0	0	0
1108	C	27	0	0	0	0
1109	T	42	0	0	0	0
1110	A	42	0	0	0	0
1111	G	28	0	0	0	0
1112	C	22	0	0	0	0
1113	G	16	0	0	0	0
1114	C	26	0	0	0	0
1115	C	20	0	0	0	0
1116	G	10	0	0	0	0
1117	G	8	0	0	0	0
1118	C	19	0	0	0	0
1119	T	12	0	0	0	0
1120	C	23	0	0	0	0
1121	T	38	0	0	0	0
1122	T	31	0	0	0	0
1123	T	25	0	0	0	0
1124	C	5	0	0	0	0
1125	C	14	0	0	0	0
1126	T	32	0	0	0	0
1127	T	27	0	0	0	0
1128	T	25	0	0	0	0
1129	C	9	0	0	0	0
1130	T	17	0	0	0	0
1131	T	16	0	0	0	0
1132	C	27	0	0	0	0
1133	C	21	0	0	0	0
1134	T	32	0	0	0	0
1135	T	22	0	0	0	0
1136	T	20	0	0	0	0
1137	C	36	0	0	0	0
1138	T	43	0	0	0	0
1139	T	41	0	0	0	0
1140	T	20	0	0	0	0
1141	T	10	0	0	0	0
1142	C	11	0	0	0	0
1143	G	11	0	0	0	0
1144	C	21	0	0	0	0
1145	C	21	0	0	0	0
1146	C	2	0	0	0	0
1147	G	12	0	0	0	0
1148	G	11	0	0	0	0
1149	T	36	0	0	0	0
1150	T	30	0	0	0	0
1151	C	20	0	0	0	0
1152	C	20	0	0	0	0
1153	C	15	0	0	0	0
1154	G	27	0	0	0	0
1155	G	18	0	0	0	0
1156	C	30	0	0	0	0
1157	T	46	0	0	0	0
1158	T	44	0	0	0	0
1159	T	28	0	0	0	0
1160	C	41	0	0	0	0
1161	C	40	0	0	0	0
1162	C	35	0	0	0	0
1163	G	28	0	0	0	0
1164	T	18	0	0	0	0
1165	A	10	0	0	0	0
1166	A	20	0	0	0	0
1167	G	30	0	0	0	0
1168	C	25	0	0	0	0
1169	T	9	0	0	0	0
1170	C	3	0	0	0	0
1171	A	42	0	0	0	0
1172	A	37	0	0	0	0
1173	A	25	0	0	0	0
1174	T	47	0	0	0	0
1175	C	43	0	0	0	0
1176	G	40	0	0	0	0
1177	G	38	0	0	0	0
1178	G	37	0	0	0	0
1179	G	34	0	0	0	0
1180	G	17	0	0	0	0
1181	C	20	0	0	0	0
1182	T	19	0	0	0	0
1183	C	28	0	0	0	0
1184	C	15	0	0	0	0
1185	T	27	0	0	0	0
1186	T	18	0	0	0	0
1187	A	17	0	0	0	0
1188	G	20	0	0	0	0
1189	G	20	0	0	0	0
1190	G	10	0	0	0	0
1191	T	29	0	0	0	0
1192	T	28	0	0	0	0
1193	C	21	0	0	0	0
1194	G	23	0	0	0	0
1195	A	17	0	0	0	0
1196	T	16	0	0	0	0
1197	T	13	0	0	0	0
1198	T	8	0	0	0	0
1199	A	7	0	0	0	0
1200	G	8	0	0	0	0
1201	G	19	0	0	0	0
1202	C	27	0	0	0	0
1203	T	25	0	0	0	0
1204	T	20	0	0	0	0
1205	A	18	0	0	0	0
1206	C	23	0	0	0	0
1207	G	23	0	0	0	0
1208	G	8	0	0	0	0
1209	A	8	0	0	0	0
1210	C	20	0	0	0	0
1211	C	20	0	0	0	0
1212	T	12	0	0	0	0
1213	C	8	0	0	0	0
1214	G	9	0	0	0	0
1215	A	30	0	0	0	0
1216	C	31	0	0	0	0
1217	C	27	0	0	0	0
1218	C	17	0	0	0	0
1219	A	36	0	0	0	0
1220	A	36	0	0	0	0
1221	A	32	0	0	0	0
1222	A	25	0	0	0	0
1223	C	6	0	0	0	0
1224	T	16	0	0	0	0
1225	T	11	0	0	0	0
1226	G	32	0	0	0	0
1227	A	20	0	0	0	0
1228	T	22	0	0	0	0
1229	A	10	0	0	0	0
1230	A	8	0	0	0	0
1231	G	25	0	0	0	0
1232	G	22	0	0	0	0
1233	G	21	0	0	0	0
1234	G	15	0	0	0	0
1235	A	10	0	0	0	0
1236	G	20	0	0	0	0
1237	G	18	0	0	0	0
1238	T	27	0	0	0	0
1239	T	25	0	0	0	0
1240	C	16	0	0	0	0